match,bowlingTeam,bowlerName,overs,maiden,runs,wickets,economy,0s,4s,6s,wides,noBalls,match_id
namibia vs sri lanka,Sri Lanka,Maheesh Theekshana,4,0,23,1,5.75,7,0,0,2,0,T20I # 1823
namibia vs sri lanka,Sri Lanka,Dushmantha Chameera,4,0,39,1,9.75,6,3,1,2,0,T20I # 1823
namibia vs sri lanka,Sri Lanka,Pramod Madushan,4,0,37,2,9.25,6,3,1,0,0,T20I # 1823
namibia vs sri lanka,Sri Lanka,Chamika Karunaratne,4,0,36,1,9.00,7,3,1,1,0,T20I # 1823
namibia vs sri lanka,Sri Lanka,Wanindu Hasaranga de Silva,4,0,27,1,6.75,8,1,1,0,0,T20I # 1823
namibia vs sri lanka,Namibia,Gerhard Erasmus,1,0,8,0,8.00,1,1,0,0,0,T20I # 1823
namibia vs sri lanka,Namibia,David Wiese,4,0,16,2,4.00,13,1,0,0,0,T20I # 1823
namibia vs sri lanka,Namibia,Bernard Scholtz,4,0,18,2,4.50,10,1,0,0,0,T20I # 1823
namibia vs sri lanka,Namibia,Ben Shikongo,3,1,22,2,7.33,6,3,0,0,0,T20I # 1823
namibia vs sri lanka,Namibia,JJ Smit,3,0,16,1,5.33,7,0,0,1,0,T20I # 1823
namibia vs sri lanka,Namibia,Jan Frylinck,4,0,26,2,6.50,10,0,2,1,0,T20I # 1823
u.a.e. vs netherlands,Netherlands,Fred Klaassen,4,0,13,2,3.25,18,0,0,3,0,T20I # 1825
u.a.e. vs netherlands,Netherlands,Tim Pringle,4,0,13,1,3.25,11,0,0,0,0,T20I # 1825
u.a.e. vs netherlands,Netherlands,Logan van Beek,2,0,19,0,9.50,5,0,2,1,0,T20I # 1825
u.a.e. vs netherlands,Netherlands,Bas de Leede,3,0,19,3,6.33,9,2,0,2,0,T20I # 1825
u.a.e. vs netherlands,Netherlands,Paul van Meekeren,4,0,21,0,5.25,11,1,0,0,0,T20I # 1825
u.a.e. vs netherlands,Netherlands,Roelof van der Merwe,3,0,19,1,6.33,7,0,1,0,0,T20I # 1825
u.a.e. vs netherlands,U.A.E.,Junaid Siddique,4,0,24,3,6.00,10,2,0,1,0,T20I # 1825
u.a.e. vs netherlands,U.A.E.,Basil Hameed,1,0,7,1,7.00,4,0,1,0,0,T20I # 1825
u.a.e. vs netherlands,U.A.E.,Aayan Afzal Khan,3,0,15,1,5.00,8,1,0,0,0,T20I # 1825
u.a.e. vs netherlands,U.A.E.,Karthik Meiyappan,4,0,22,1,5.50,11,2,0,0,0,T20I # 1825
u.a.e. vs netherlands,U.A.E.,Zahoor Khan,4,0,11,1,2.75,14,0,0,0,0,T20I # 1825
u.a.e. vs netherlands,U.A.E.,Zawar Farid,2.5,0,24,0,8.47,2,2,0,0,0,T20I # 1825
u.a.e. vs netherlands,U.A.E.,Kashif Daud,1,0,5,0,5.00,1,0,0,0,0,T20I # 1825
scotland vs west indies,West Indies,Kyle Mayers,2,0,24,0,12.00,5,5,0,2,0,T20I # 1826
scotland vs west indies,West Indies,Akeal Hosein,4,0,31,0,7.75,8,2,1,0,0,T20I # 1826
scotland vs west indies,West Indies,Alzarri Joseph,4,0,28,2,7.00,9,3,0,2,0,T20I # 1826
scotland vs west indies,West Indies,Obed McCoy,3,0,25,0,8.33,6,4,0,0,0,T20I # 1826
scotland vs west indies,West Indies,Jason Holder,3,0,14,2,4.66,8,1,0,0,0,T20I # 1826
scotland vs west indies,West Indies,Odean Smith,4,0,31,1,7.75,6,3,0,1,0,T20I # 1826
scotland vs west indies,Scotland,Mark Watt,4,0,12,3,3.00,16,1,0,1,0,T20I # 1826
scotland vs west indies,Scotland,Brad Wheal,4,0,32,2,8.00,10,4,1,0,0,T20I # 1826
scotland vs west indies,Scotland,Josh Davey,3,0,34,1,11.33,8,4,2,1,0,T20I # 1826
scotland vs west indies,Scotland,Safyaan Sharif,3.3,0,23,1,6.57,7,2,0,2,0,T20I # 1826
scotland vs west indies,Scotland,Michael Leask,4,0,15,2,3.75,11,0,0,1,0,T20I # 1826
zimbabwe vs ireland,Ireland,Josh Little,4,0,24,3,6.00,11,3,0,0,0,T20I # 1828
zimbabwe vs ireland,Ireland,Mark Adair,4,0,39,2,9.75,6,3,1,2,0,T20I # 1828
zimbabwe vs ireland,Ireland,Barry McCarthy,4,0,24,0,6.00,11,2,0,2,0,T20I # 1828
zimbabwe vs ireland,Ireland,Curtis Campher,3,0,29,0,9.66,6,2,2,0,0,T20I # 1828
zimbabwe vs ireland,Ireland,Simi Singh,3,0,31,2,10.33,5,2,2,1,0,T20I # 1828
zimbabwe vs ireland,Ireland,Gareth Delany,2,0,21,0,10.50,4,2,1,1,0,T20I # 1828
zimbabwe vs ireland,Zimbabwe,Richard Ngarava,4,0,22,2,5.50,13,3,0,0,0,T20I # 1828
zimbabwe vs ireland,Zimbabwe,Tendai Chatara,4,0,22,2,5.50,13,1,1,2,0,T20I # 1828
zimbabwe vs ireland,Zimbabwe,Blessing Muzarabani,4,0,23,3,5.75,14,0,2,0,1,T20I # 1828
zimbabwe vs ireland,Zimbabwe,Luke Jongwe,2,0,24,0,12.00,1,4,0,0,0,T20I # 1828
zimbabwe vs ireland,Zimbabwe,Sean Williams,3,0,20,1,6.66,3,0,0,0,0,T20I # 1828
zimbabwe vs ireland,Zimbabwe,Sikandar Raza,3,0,22,1,7.33,8,1,1,1,0,T20I # 1828
namibia vs netherlands,Netherlands,Fred Klaassen,3,0,15,0,5.00,11,1,0,0,0,T20I # 1830
namibia vs netherlands,Netherlands,Tim Pringle,3,0,15,1,5.00,8,0,0,0,0,T20I # 1830
namibia vs netherlands,Netherlands,Bas de Leede,3,0,18,2,6.00,6,1,0,0,0,T20I # 1830
namibia vs netherlands,Netherlands,Colin Ackermann,3,0,17,1,5.66,8,2,0,0,0,T20I # 1830
namibia vs netherlands,Netherlands,Paul van Meekeren,4,0,18,1,4.50,11,1,0,1,0,T20I # 1830
namibia vs netherlands,Netherlands,Timm van der Gugten,3,0,29,0,9.66,4,1,1,2,0,T20I # 1830
namibia vs netherlands,Netherlands,Roelof van der Merwe,1,0,6,1,6.00,1,0,0,1,0,T20I # 1830
namibia vs netherlands,Namibia,Bernard Scholtz,4,0,21,1,5.25,10,0,1,0,0,T20I # 1830
namibia vs netherlands,Namibia,David Wiese,2.3,0,22,0,8.80,4,3,0,0,0,T20I # 1830
namibia vs netherlands,Namibia,Gerhard Erasmus,3,0,13,0,4.33,8,0,0,1,0,T20I # 1830
namibia vs netherlands,Namibia,Ben Shikongo,1,0,18,0,18.00,1,0,2,1,0,T20I # 1830
namibia vs netherlands,Namibia,JJ Smit,4,0,24,2,6.00,9,2,0,0,0,T20I # 1830
namibia vs netherlands,Namibia,Jan Frylinck,4,1,16,1,4.00,11,1,0,0,0,T20I # 1830
namibia vs netherlands,Namibia,Jan Nicol Loftie-Eaton,1,0,8,0,8.00,2,1,0,0,1,T20I # 1830
sri lanka vs u.a.e.,U.A.E.,Junaid Siddique,4,0,36,0,9.00,8,2,1,2,0,T20I # 1832
sri lanka vs u.a.e.,U.A.E.,Kashif Daud,1,0,14,0,14.00,0,2,0,0,0,T20I # 1832
sri lanka vs u.a.e.,U.A.E.,Zahoor Khan,4,0,26,2,6.50,10,3,0,0,0,T20I # 1832
sri lanka vs u.a.e.,U.A.E.,Aayan Afzal Khan,3,0,16,1,5.33,7,1,0,0,0,T20I # 1832
sri lanka vs u.a.e.,U.A.E.,Aryan Lakra,3,0,24,1,8.00,5,3,0,0,0,T20I # 1832
sri lanka vs u.a.e.,U.A.E.,Karthik Meiyappan,4,0,19,3,4.75,12,0,1,0,0,T20I # 1832
sri lanka vs u.a.e.,U.A.E.,Basil Hameed,1,0,13,0,13.00,1,1,1,0,0,T20I # 1832
sri lanka vs u.a.e.,Sri Lanka,Pramod Madushan,3,0,14,1,4.66,12,2,0,1,0,T20I # 1832
sri lanka vs u.a.e.,Sri Lanka,Maheesh Theekshana,3.1,0,15,2,4.73,10,2,0,0,0,T20I # 1832
sri lanka vs u.a.e.,Sri Lanka,Dushmantha Chameera,3.5,0,15,3,3.91,16,0,1,0,0,T20I # 1832
sri lanka vs u.a.e.,Sri Lanka,Chamika Karunaratne,2,0,14,0,7.00,5,2,0,0,0,T20I # 1832
sri lanka vs u.a.e.,Sri Lanka,Wanindu Hasaranga de Silva,4,1,8,3,2.00,17,0,0,0,0,T20I # 1832
sri lanka vs u.a.e.,Sri Lanka,Dasun Shanaka,1.1,0,7,1,6.00,3,0,0,1,0,T20I # 1832
scotland vs ireland,Ireland,Josh Little,4,0,30,1,7.50,10,2,1,1,0,T20I # 1833
scotland vs ireland,Ireland,Mark Adair,4,0,23,1,5.75,12,2,0,2,0,T20I # 1833
scotland vs ireland,Ireland,Barry McCarthy,4,0,59,0,14.75,4,6,3,1,1,T20I # 1833
scotland vs ireland,Ireland,Gareth Delany,3,0,28,0,9.33,3,2,1,0,0,T20I # 1833
scotland vs ireland,Ireland,Simi Singh,2,0,16,0,8.00,2,2,0,0,0,T20I # 1833
scotland vs ireland,Ireland,Curtis Campher,2,0,9,2,4.50,7,1,0,0,0,T20I # 1833
scotland vs ireland,Ireland,George Dockrell,1,0,9,0,9.00,1,1,0,0,0,T20I # 1833
scotland vs ireland,Scotland,Mark Watt,4,0,39,1,9.75,10,2,1,2,0,T20I # 1833
scotland vs ireland,Scotland,Brad Wheal,4,0,25,1,6.25,11,2,1,0,0,T20I # 1833
scotland vs ireland,Scotland,Josh Davey,4,0,46,0,11.50,5,8,0,1,0,T20I # 1833
scotland vs ireland,Scotland,Safyaan Sharif,3,0,32,1,10.66,3,4,0,1,0,T20I # 1833
scotland vs ireland,Scotland,Chris Greaves,2,0,18,0,9.00,1,0,1,1,0,T20I # 1833
scotland vs ireland,Scotland,Michael Leask,2,0,16,1,8.00,2,1,0,0,0,T20I # 1833
west indies vs zimbabwe,Zimbabwe,Richard Ngarava,3,0,20,0,6.66,9,1,1,1,0,T20I # 1834
west indies vs zimbabwe,Zimbabwe,Tendai Chatara,3,0,22,0,7.33,5,2,0,2,0,T20I # 1834
west indies vs zimbabwe,Zimbabwe,Blessing Muzarabani,4,0,38,2,9.50,10,2,2,2,1,T20I # 1834
west indies vs zimbabwe,Zimbabwe,Ryan Burl,3,0,27,0,9.00,5,3,1,0,0,T20I # 1834
west indies vs zimbabwe,Zimbabwe,Sikandar Raza,4,0,19,3,4.75,7,0,0,0,0,T20I # 1834
west indies vs zimbabwe,Zimbabwe,Sean Williams,3,0,17,1,5.66,7,1,0,0,1,T20I # 1834
west indies vs zimbabwe,West Indies,Kyle Mayers,1,0,17,0,17.00,3,3,0,1,0,T20I # 1834
west indies vs zimbabwe,West Indies,Akeal Hosein,4,0,25,1,6.25,12,1,1,1,1,T20I # 1834
west indies vs zimbabwe,West Indies,Alzarri Joseph,4,0,16,4,4.00,16,1,1,0,0,T20I # 1834
west indies vs zimbabwe,West Indies,Obed McCoy,3,0,19,1,6.33,9,3,0,0,0,T20I # 1834
west indies vs zimbabwe,West Indies,Jason Holder,3.2,0,12,3,3.60,12,1,0,0,0,T20I # 1834
west indies vs zimbabwe,West Indies,Odean Smith,3,0,31,1,10.33,8,4,1,1,1,T20I # 1834
sri lanka vs netherlands,Netherlands,Fred Klaassen,4,0,34,1,8.50,9,1,2,0,0,T20I # 1835
sri lanka vs netherlands,Netherlands,Tim Pringle,3,0,22,0,7.33,8,0,2,0,0,T20I # 1835
sri lanka vs netherlands,Netherlands,Roelof van der Merwe,3,0,16,0,5.33,10,2,0,0,0,T20I # 1835
sri lanka vs netherlands,Netherlands,Paul van Meekeren,4,0,25,2,6.25,11,3,0,1,0,T20I # 1835
sri lanka vs netherlands,Netherlands,Bas de Leede,3,0,31,2,10.33,5,2,2,0,0,T20I # 1835
sri lanka vs netherlands,Netherlands,Timm van der Gugten,3,0,31,1,10.33,3,2,1,0,0,T20I # 1835
sri lanka vs netherlands,Sri Lanka,Dhananjaya de Silva,1,0,5,0,5.00,1,0,0,0,0,T20I # 1835
sri lanka vs netherlands,Sri Lanka,Lahiru Kumara,4,0,28,1,7.00,14,2,1,1,0,T20I # 1835
sri lanka vs netherlands,Sri Lanka,Binura Fernando,4,0,33,1,8.25,11,4,1,1,0,T20I # 1835
sri lanka vs netherlands,Sri Lanka,Maheesh Theekshana,4,0,32,2,8.00,12,1,2,2,1,T20I # 1835
sri lanka vs netherlands,Sri Lanka,Wanindu Hasaranga de Silva,4,0,28,3,7.00,11,3,0,0,0,T20I # 1835
sri lanka vs netherlands,Sri Lanka,Chamika Karunaratne,2,0,11,0,5.50,6,1,0,1,0,T20I # 1835
sri lanka vs netherlands,Sri Lanka,Dasun Shanaka,1,0,7,0,7.00,3,1,0,0,0,T20I # 1835
u.a.e. vs namibia,Namibia,Ruben Trumpelmann,4,0,22,0,5.50,10,0,0,3,0,T20I # 1836
u.a.e. vs namibia,Namibia,David Wiese,4,0,27,1,6.75,12,2,1,1,0,T20I # 1836
u.a.e. vs namibia,Namibia,Bernard Scholtz,4,0,22,1,5.50,11,1,1,0,0,T20I # 1836
u.a.e. vs namibia,Namibia,JJ Smit,4,0,39,0,9.75,11,2,3,0,0,T20I # 1836
u.a.e. vs namibia,Namibia,Jan Frylinck,3,0,30,0,10.00,3,2,1,1,0,T20I # 1836
u.a.e. vs namibia,Namibia,Ben Shikongo,1,0,8,1,8.00,1,1,0,0,0,T20I # 1836
u.a.e. vs namibia,U.A.E.,Basil Hameed,3,0,17,2,5.66,10,2,0,0,0,T20I # 1836
u.a.e. vs namibia,U.A.E.,Junaid Siddique,4,0,35,1,8.75,8,3,1,2,0,T20I # 1836
u.a.e. vs namibia,U.A.E.,Zahoor Khan,4,0,20,2,5.00,15,1,0,2,2,T20I # 1836
u.a.e. vs namibia,U.A.E.,Ahmed Raza,1,0,9,0,9.00,1,1,0,0,0,T20I # 1836
u.a.e. vs namibia,U.A.E.,Karthik Meiyappan,4,0,34,1,8.50,8,2,2,0,0,T20I # 1836
u.a.e. vs namibia,U.A.E.,Aayan Afzal Khan,2,0,7,0,3.50,5,0,0,0,0,T20I # 1836
u.a.e. vs namibia,U.A.E.,Muhammad Waseem,2,0,16,1,8.00,3,0,1,0,0,T20I # 1836
west indies vs ireland,Ireland,Josh Little,4,0,31,0,7.75,8,1,2,1,0,T20I # 1837
west indies vs ireland,Ireland,Mark Adair,4,0,26,0,6.50,12,1,1,4,0,T20I # 1837
west indies vs ireland,Ireland,Barry McCarthy,4,0,33,1,8.25,9,3,1,1,0,T20I # 1837
west indies vs ireland,Ireland,Curtis Campher,2,0,28,0,14.00,2,4,1,0,0,T20I # 1837
west indies vs ireland,Ireland,Simi Singh,2,0,11,1,5.50,4,1,0,0,0,T20I # 1837
west indies vs ireland,Ireland,Gareth Delany,4,0,16,3,4.00,12,1,0,1,0,T20I # 1837
west indies vs ireland,West Indies,Obed McCoy,3.3,0,27,0,7.71,11,2,2,0,0,T20I # 1837
west indies vs ireland,West Indies,Akeal Hosein,4,0,38,1,9.50,5,2,2,0,0,T20I # 1837
west indies vs ireland,West Indies,Alzarri Joseph,4,0,39,0,9.75,9,3,2,1,0,T20I # 1837
west indies vs ireland,West Indies,Odean Smith,2,0,23,0,11.50,4,3,1,0,1,T20I # 1837
west indies vs ireland,West Indies,Jason Holder,4,0,23,0,5.75,7,1,0,0,0,T20I # 1837
scotland vs zimbabwe,Zimbabwe,Tendai Chatara,4,1,14,2,3.50,14,1,0,0,0,T20I # 1838
scotland vs zimbabwe,Zimbabwe,Richard Ngarava,4,0,28,2,7.00,12,4,0,1,1,T20I # 1838
scotland vs zimbabwe,Zimbabwe,Blessing Muzarabani,4,0,34,1,8.50,9,5,0,0,2,T20I # 1838
scotland vs zimbabwe,Zimbabwe,Sean Williams,3,0,19,0,6.33,4,1,0,0,0,T20I # 1838
scotland vs zimbabwe,Zimbabwe,Sikandar Raza,4,0,20,1,5.00,10,0,0,2,0,T20I # 1838
scotland vs zimbabwe,Zimbabwe,Wessly Madhevere,1,0,7,0,7.00,1,0,0,0,0,T20I # 1838
scotland vs zimbabwe,Scotland,Brad Wheal,4,0,26,1,6.50,12,4,0,0,0,T20I # 1838
scotland vs zimbabwe,Scotland,Josh Davey,3,0,16,2,5.33,8,1,0,0,1,T20I # 1838
scotland vs zimbabwe,Scotland,Safyaan Sharif,2.3,0,23,0,9.20,4,3,0,0,1,T20I # 1838
scotland vs zimbabwe,Scotland,Mark Watt,4,0,19,1,4.75,9,1,0,0,0,T20I # 1838
scotland vs zimbabwe,Scotland,Michael Leask,4,0,36,1,9.00,4,2,1,0,0,T20I # 1838
scotland vs zimbabwe,Scotland,Calum MacLeod,1,0,11,0,11.00,0,0,1,0,0,T20I # 1838
new zealand vs australia,Australia,Mitchell Starc,4,0,36,0,9.00,5,3,1,0,0,T20I # 1839
new zealand vs australia,Australia,Josh Hazlewood,4,0,41,2,10.25,8,5,1,1,0,T20I # 1839
new zealand vs australia,Australia,Pat Cummins,4,0,46,0,11.50,8,4,2,2,0,T20I # 1839
new zealand vs australia,Australia,Marcus Stoinis,4,0,38,0,9.50,3,1,2,1,0,T20I # 1839
new zealand vs australia,Australia,Adam Zampa,4,0,39,1,9.75,4,2,2,1,0,T20I # 1839
new zealand vs australia,New Zealand,Trent Boult,4,0,24,2,6.00,13,2,1,1,0,T20I # 1839
new zealand vs australia,New Zealand,Tim Southee,2.1,0,6,3,2.76,10,1,0,0,0,T20I # 1839
new zealand vs australia,New Zealand,Mitchell Santner,4,0,31,3,7.75,10,2,2,0,0,T20I # 1839
new zealand vs australia,New Zealand,Lockie Ferguson,3,0,20,1,6.66,9,2,1,0,0,T20I # 1839
new zealand vs australia,New Zealand,Ish Sodhi,4,0,29,1,7.25,8,2,1,1,0,T20I # 1839
afghanistan vs england,England,Ben Stokes,4,0,19,2,4.75,14,2,0,1,0,T20I # 1840
afghanistan vs england,England,Chris Woakes,4,0,24,1,6.00,15,2,1,1,0,T20I # 1840
afghanistan vs england,England,Mark Wood,4,0,23,2,5.75,14,2,1,0,0,T20I # 1840
afghanistan vs england,England,Sam Curran,3.4,0,10,5,2.72,16,1,0,1,0,T20I # 1840
afghanistan vs england,England,Adil Rashid,4,0,32,0,8.00,4,1,1,0,0,T20I # 1840
afghanistan vs england,Afghanistan,Fazalhaq Farooqi,4,0,24,1,6.00,15,2,1,3,0,T20I # 1840
afghanistan vs england,Afghanistan,Azmatullah Omarzai,1.1,0,11,0,9.42,2,1,0,3,0,T20I # 1840
afghanistan vs england,Afghanistan,Mujeeb Ur Rahman,4,0,22,1,5.50,10,1,0,0,0,T20I # 1840
afghanistan vs england,Afghanistan,Rashid Khan,4,0,17,1,4.25,10,0,0,0,0,T20I # 1840
afghanistan vs england,Afghanistan,Fareed Ahmad,2,0,23,1,11.50,2,2,0,1,0,T20I # 1840
afghanistan vs england,Afghanistan,Mohammad Nabi,3,0,16,1,5.33,6,0,0,0,0,T20I # 1840
ireland vs sri lanka,Sri Lanka,Binura Fernando,4,0,27,1,6.75,10,3,0,1,0,T20I # 1841
ireland vs sri lanka,Sri Lanka,Lahiru Kumara,2,0,12,1,6.00,6,2,0,0,0,T20I # 1841
ireland vs sri lanka,Sri Lanka,Maheesh Theekshana,4,0,19,2,4.75,8,1,0,0,0,T20I # 1841
ireland vs sri lanka,Sri Lanka,Chamika Karunaratne,4,0,29,1,7.25,7,2,1,0,0,T20I # 1841
ireland vs sri lanka,Sri Lanka,Wanindu Hasaranga de Silva,4,0,25,2,6.25,6,0,1,0,0,T20I # 1841
ireland vs sri lanka,Sri Lanka,Dhananjaya de Silva,2,0,13,1,6.50,3,1,0,0,0,T20I # 1841
ireland vs sri lanka,Ireland,Josh Little,4,0,45,0,11.25,5,4,1,1,0,T20I # 1841
ireland vs sri lanka,Ireland,Mark Adair,2,0,16,0,8.00,2,1,0,0,0,T20I # 1841
ireland vs sri lanka,Ireland,Barry McCarthy,2,0,16,0,8.00,4,0,1,0,0,T20I # 1841
ireland vs sri lanka,Ireland,Gareth Delany,4,0,28,1,7.00,8,3,0,2,0,T20I # 1841
ireland vs sri lanka,Ireland,Curtis Campher,1,0,8,0,8.00,2,1,0,0,0,T20I # 1841
ireland vs sri lanka,Ireland,Simi Singh,2,0,20,0,10.00,3,0,2,0,0,T20I # 1841
pakistan vs india,India,Bhuvneshwar Kumar,4,0,22,1,5.50,17,1,1,3,0,T20I # 1842
pakistan vs india,India,Arshdeep Singh,4,0,32,3,8.00,10,3,1,1,0,T20I # 1842
pakistan vs india,India,Mohammed Shami,4,0,25,1,6.25,14,4,0,1,0,T20I # 1842
pakistan vs india,India,Hardik Pandya,4,0,30,3,7.50,10,4,0,0,0,T20I # 1842
pakistan vs india,India,Ravichandran Ashwin,3,0,23,0,7.66,5,0,1,1,0,T20I # 1842
pakistan vs india,India,Axar Patel,1,0,21,0,21.00,2,0,3,0,0,T20I # 1842
pakistan vs india,Pakistan,Shaheen Shah Afridi,4,0,34,0,8.50,7,4,0,1,0,T20I # 1842
pakistan vs india,Pakistan,Naseem Shah,4,0,23,1,5.75,10,1,0,0,0,T20I # 1842
pakistan vs india,Pakistan,Haris Rauf,4,0,36,2,9.00,11,2,2,1,0,T20I # 1842
pakistan vs india,Pakistan,Shadab Khan,4,0,21,0,5.25,10,2,0,0,0,T20I # 1842
pakistan vs india,Pakistan,Mohammad Nawaz,4,0,42,2,10.50,8,0,4,2,1,T20I # 1842
bangladesh vs netherlands,Netherlands,Fred Klaassen,4,0,33,1,8.25,10,5,0,3,0,T20I # 1843
bangladesh vs netherlands,Netherlands,Colin Ackermann,1,0,4,0,4.00,2,0,0,0,0,T20I # 1843
bangladesh vs netherlands,Netherlands,Paul van Meekeren,4,0,21,2,5.25,10,1,0,0,0,T20I # 1843
bangladesh vs netherlands,Netherlands,Bas de Leede,3,0,29,2,9.66,9,3,1,3,0,T20I # 1843
bangladesh vs netherlands,Netherlands,Tim Pringle,2,0,10,1,5.00,4,0,0,0,0,T20I # 1843
bangladesh vs netherlands,Netherlands,Shariz Ahmad,3,0,27,1,9.00,5,1,2,0,0,T20I # 1843
bangladesh vs netherlands,Netherlands,Logan van Beek,3,0,12,1,4.00,7,0,0,1,0,T20I # 1843
bangladesh vs netherlands,Bangladesh,Taskin Ahmed,4,0,25,4,6.25,16,5,0,0,0,T20I # 1843
bangladesh vs netherlands,Bangladesh,Hasan Mahmud,4,1,15,2,3.75,16,2,0,0,0,T20I # 1843
bangladesh vs netherlands,Bangladesh,Shakib Al Hasan,4,0,32,1,8.00,6,0,2,1,0,T20I # 1843
bangladesh vs netherlands,Bangladesh,Mustafizur Rahman,4,0,20,0,5.00,14,2,0,2,0,T20I # 1843
bangladesh vs netherlands,Bangladesh,Soumya Sarkar,3,0,29,1,9.66,5,2,1,1,0,T20I # 1843
bangladesh vs netherlands,Bangladesh,Mosaddek Hossain,1,0,14,0,14.00,0,0,1,0,1,T20I # 1843
zimbabwe vs south africa,South Africa,Kagiso Rabada,2,0,20,0,10.00,4,2,1,0,0,T20I # 1844
zimbabwe vs south africa,South Africa,Wayne Parnell,2,0,6,1,3.00,9,1,0,0,0,T20I # 1844
zimbabwe vs south africa,South Africa,Lungi Ngidi,2,0,20,2,10.00,6,2,1,2,0,T20I # 1844
zimbabwe vs south africa,South Africa,Keshav Maharaj,1,0,10,0,10.00,1,1,0,0,0,T20I # 1844
zimbabwe vs south africa,South Africa,Anrich Nortje,2,0,10,1,5.00,5,0,0,0,0,T20I # 1844
zimbabwe vs south africa,Zimbabwe,Tendai Chatara,1,0,23,0,23.00,0,4,1,0,0,T20I # 1844
zimbabwe vs south africa,Zimbabwe,Richard Ngarava,1,0,17,0,17.00,2,4,0,0,1,T20I # 1844
zimbabwe vs south africa,Zimbabwe,Sikandar Raza,1,0,11,0,11.00,1,0,0,0,1,T20I # 1844
sri lanka vs australia,Australia,Josh Hazlewood,4,0,26,1,6.50,13,3,0,3,0,T20I # 1845
sri lanka vs australia,Australia,Pat Cummins,4,0,36,1,9.00,12,5,1,2,0,T20I # 1845
sri lanka vs australia,Australia,Mitchell Starc,4,0,23,1,5.75,13,1,0,1,0,T20I # 1845
sri lanka vs australia,Australia,Ashton Agar,4,0,25,1,6.25,8,1,0,1,0,T20I # 1845
sri lanka vs australia,Australia,Marcus Stoinis,2,0,17,0,8.50,1,1,0,1,0,T20I # 1845
sri lanka vs australia,Australia,Mitchell Marsh,1,0,14,0,14.00,1,1,1,0,0,T20I # 1845
sri lanka vs australia,Australia,Glenn Maxwell,1,0,5,1,5.00,2,0,0,0,0,T20I # 1845
sri lanka vs australia,Sri Lanka,Binura Fernando,0.5,0,5,0,6.00,2,0,0,0,0,T20I # 1845
sri lanka vs australia,Sri Lanka,Dhananjaya de Silva,2.1,0,18,1,8.30,4,1,1,0,0,T20I # 1845
sri lanka vs australia,Sri Lanka,Lahiru Kumara,3.3,0,22,0,6.28,15,0,1,3,0,T20I # 1845
sri lanka vs australia,Sri Lanka,Chamika Karunaratne,3,0,20,1,6.66,6,1,0,1,0,T20I # 1845
sri lanka vs australia,Sri Lanka,Maheesh Theekshana,3,0,23,1,7.66,11,0,3,1,0,T20I # 1845
sri lanka vs australia,Sri Lanka,Wanindu Hasaranga de Silva,3,0,53,0,17.66,0,3,5,0,0,T20I # 1845
sri lanka vs australia,Sri Lanka,Dasun Shanaka,1,0,10,0,10.00,2,2,0,0,0,T20I # 1845
ireland vs england,England,Ben Stokes,2.2,0,8,1,3.42,7,0,0,0,0,T20I # 1846
ireland vs england,England,Chris Woakes,3,0,41,0,13.66,4,6,1,2,0,T20I # 1846
ireland vs england,England,Mark Wood,4,0,34,3,8.50,13,4,1,2,0,T20I # 1846
ireland vs england,England,Sam Curran,3,0,31,2,10.33,7,1,2,0,0,T20I # 1846
ireland vs england,England,Adil Rashid,4,0,24,0,6.00,6,1,0,0,0,T20I # 1846
ireland vs england,England,Liam Livingstone,3,0,17,3,5.66,5,1,0,0,0,T20I # 1846
ireland vs england,Ireland,Josh Little,3,0,16,2,5.33,11,2,0,2,0,T20I # 1846
ireland vs england,Ireland,Mark Adair,2,0,10,0,5.00,5,0,0,0,0,T20I # 1846
ireland vs england,Ireland,Barry McCarthy,3,0,20,1,6.66,7,1,0,3,0,T20I # 1846
ireland vs england,Ireland,Fionn Hand,2,0,17,1,8.50,6,1,0,4,0,T20I # 1846
ireland vs england,Ireland,Gareth Delany,3.3,0,33,0,9.42,5,3,1,1,0,T20I # 1846
ireland vs england,Ireland,George Dockrell,1,0,5,1,5.00,2,0,0,0,0,T20I # 1846
south africa vs bangladesh,Bangladesh,Taskin Ahmed,3,0,46,1,15.33,7,6,2,0,3,T20I # 1847
south africa vs bangladesh,Bangladesh,Mehidy Hasan Miraz,3,0,32,0,10.66,4,2,2,0,0,T20I # 1847
south africa vs bangladesh,Bangladesh,Hasan Mahmud,4,0,36,1,9.00,11,3,2,2,0,T20I # 1847
south africa vs bangladesh,Bangladesh,Mustafizur Rahman,4,0,25,0,6.25,7,1,1,0,0,T20I # 1847
south africa vs bangladesh,Bangladesh,Mosaddek Hossain,2,0,16,0,8.00,5,1,1,0,0,T20I # 1847
south africa vs bangladesh,Bangladesh,Shakib Al Hasan,3,0,33,2,11.00,7,1,3,0,1,T20I # 1847
south africa vs bangladesh,Bangladesh,Afif Hossain,1,0,11,1,11.00,1,2,0,0,0,T20I # 1847
south africa vs bangladesh,South Africa,Kagiso Rabada,3,0,24,1,8.00,8,1,2,1,0,T20I # 1847
south africa vs bangladesh,South Africa,Wayne Parnell,2,0,18,0,9.00,3,0,1,1,0,T20I # 1847
south africa vs bangladesh,South Africa,Anrich Nortje,3.3,0,10,4,2.85,16,1,0,0,0,T20I # 1847
south africa vs bangladesh,South Africa,Keshav Maharaj,4,0,24,1,6.00,6,1,0,0,0,T20I # 1847
south africa vs bangladesh,South Africa,Tabraiz Shamsi,4,0,20,3,5.00,12,0,1,2,0,T20I # 1847
india vs netherlands,Netherlands,Fred Klaassen,4,0,33,1,8.25,9,2,1,2,0,T20I # 1848
india vs netherlands,Netherlands,Tim Pringle,4,0,30,0,7.50,6,3,0,0,0,T20I # 1848
india vs netherlands,Netherlands,Paul van Meekeren,4,0,32,1,8.00,9,3,1,0,0,T20I # 1848
india vs netherlands,Netherlands,Bas de Leede,3,0,33,0,11.00,6,5,1,1,0,T20I # 1848
india vs netherlands,Netherlands,Logan van Beek,4,0,45,0,11.25,3,2,3,0,0,T20I # 1848
india vs netherlands,Netherlands,Shariz Ahmad,1,0,5,0,5.00,2,0,0,0,0,T20I # 1848
india vs netherlands,India,Bhuvneshwar Kumar,3,2,9,2,3.00,14,1,0,0,0,T20I # 1848
india vs netherlands,India,Arshdeep Singh,4,0,37,2,9.25,9,6,0,1,1,T20I # 1848
india vs netherlands,India,Mohammed Shami,4,0,27,1,6.75,10,2,0,0,0,T20I # 1848
india vs netherlands,India,Axar Patel,4,0,18,2,4.50,11,0,0,0,0,T20I # 1848
india vs netherlands,India,Hardik Pandya,1,0,9,0,9.00,1,0,0,1,0,T20I # 1848
india vs netherlands,India,Ravichandran Ashwin,4,0,21,2,5.25,13,1,1,1,0,T20I # 1848
zimbabwe vs pakistan,Pakistan,Shaheen Shah Afridi,4,0,29,0,7.25,9,3,0,0,0,T20I # 1849
zimbabwe vs pakistan,Pakistan,Naseem Shah,4,0,34,0,8.50,7,4,0,2,0,T20I # 1849
zimbabwe vs pakistan,Pakistan,Mohammad Wasim,4,0,24,4,6.00,16,2,1,4,0,T20I # 1849
zimbabwe vs pakistan,Pakistan,Haris Rauf,4,1,12,1,3.00,15,0,0,0,0,T20I # 1849
zimbabwe vs pakistan,Pakistan,Shadab Khan,4,0,23,3,5.75,8,1,0,0,0,T20I # 1849
zimbabwe vs pakistan,Zimbabwe,Richard Ngarava,4,0,24,0,6.00,15,2,1,2,0,T20I # 1849
zimbabwe vs pakistan,Zimbabwe,Blessing Muzarabani,4,0,18,1,4.50,11,1,0,0,0,T20I # 1849
zimbabwe vs pakistan,Zimbabwe,Brad Evans,4,0,25,2,6.25,12,2,1,0,0,T20I # 1849
zimbabwe vs pakistan,Zimbabwe,Sikandar Raza,4,0,25,3,6.25,13,2,1,2,0,T20I # 1849
zimbabwe vs pakistan,Zimbabwe,Luke Jongwe,1,0,10,1,10.00,2,2,0,0,0,T20I # 1849
zimbabwe vs pakistan,Zimbabwe,Sean Williams,2,0,15,0,7.50,1,0,0,1,0,T20I # 1849
zimbabwe vs pakistan,Zimbabwe,Ryan Burl,1,0,7,0,7.00,0,0,0,0,0,T20I # 1849
new zealand vs sri lanka,Sri Lanka,Maheesh Theekshana,4,0,35,1,8.75,7,2,2,1,0,T20I # 1850
new zealand vs sri lanka,Sri Lanka,Kasun Rajitha,4,0,23,2,5.75,16,3,0,1,2,T20I # 1850
new zealand vs sri lanka,Sri Lanka,Dhananjaya de Silva,2,0,14,1,7.00,4,1,0,0,0,T20I # 1850
new zealand vs sri lanka,Sri Lanka,Wanindu Hasaranga de Silva,4,0,22,1,5.50,9,1,0,0,0,T20I # 1850
new zealand vs sri lanka,Sri Lanka,Lahiru Kumara,3,0,37,1,12.33,2,2,2,2,1,T20I # 1850
new zealand vs sri lanka,Sri Lanka,Chamika Karunaratne,3,0,34,0,11.33,5,3,1,1,0,T20I # 1850
new zealand vs sri lanka,New Zealand,Tim Southee,4,1,12,1,3.00,18,0,1,1,0,T20I # 1850
new zealand vs sri lanka,New Zealand,Trent Boult,4,0,13,4,3.25,18,1,0,1,0,T20I # 1850
new zealand vs sri lanka,New Zealand,Lockie Ferguson,4,0,35,1,8.75,11,4,1,3,0,T20I # 1850
new zealand vs sri lanka,New Zealand,Mitchell Santner,4,0,21,2,5.25,13,3,0,0,0,T20I # 1850
new zealand vs sri lanka,New Zealand,Ish Sodhi,3.2,0,21,2,6.30,11,2,1,1,0,T20I # 1850
bangladesh vs zimbabwe,Zimbabwe,Richard Ngarava,4,0,24,2,6.00,11,2,0,2,0,T20I # 1851
bangladesh vs zimbabwe,Zimbabwe,Blessing Muzarabani,2,0,13,2,6.50,8,3,0,0,0,T20I # 1851
bangladesh vs zimbabwe,Zimbabwe,Tendai Chatara,3,0,18,0,6.00,7,1,0,0,0,T20I # 1851
bangladesh vs zimbabwe,Zimbabwe,Sikandar Raza,4,0,35,1,8.75,2,2,1,0,0,T20I # 1851
bangladesh vs zimbabwe,Zimbabwe,Brad Evans,3,0,32,0,10.66,2,3,1,1,0,T20I # 1851
bangladesh vs zimbabwe,Zimbabwe,Wessly Madhevere,2,0,18,0,9.00,0,1,0,0,0,T20I # 1851
bangladesh vs zimbabwe,Zimbabwe,Sean Williams,2,0,10,1,5.00,4,0,0,1,0,T20I # 1851
bangladesh vs zimbabwe,Bangladesh,Taskin Ahmed,4,1,19,3,4.75,15,3,0,0,0,T20I # 1851
bangladesh vs zimbabwe,Bangladesh,Hasan Mahmud,4,0,36,0,9.00,8,5,0,3,0,T20I # 1851
bangladesh vs zimbabwe,Bangladesh,Mosaddek Hossain,4,0,34,2,8.50,11,3,2,0,1,T20I # 1851
bangladesh vs zimbabwe,Bangladesh,Mustafizur Rahman,4,0,15,2,3.75,11,0,0,0,0,T20I # 1851
bangladesh vs zimbabwe,Bangladesh,Shakib Al Hasan,4,0,34,0,8.50,5,3,0,0,0,T20I # 1851
netherlands vs pakistan,Pakistan,Shaheen Shah Afridi,4,0,19,1,4.75,13,1,0,1,0,T20I # 1852
netherlands vs pakistan,Pakistan,Naseem Shah,4,0,11,1,2.75,15,0,0,0,0,T20I # 1852
netherlands vs pakistan,Pakistan,Mohammad Wasim,3,0,15,2,5.00,10,1,0,1,0,T20I # 1852
netherlands vs pakistan,Pakistan,Haris Rauf,3,0,10,1,3.33,11,1,0,0,0,T20I # 1852
netherlands vs pakistan,Pakistan,Shadab Khan,4,0,22,3,5.50,11,2,0,0,0,T20I # 1852
netherlands vs pakistan,Pakistan,Mohammad Nawaz,2,0,11,0,5.50,3,0,0,0,0,T20I # 1852
netherlands vs pakistan,Netherlands,Fred Klaassen,3,0,26,0,8.66,4,3,0,0,0,T20I # 1852
netherlands vs pakistan,Netherlands,Paul van Meekeren,4,0,19,1,4.75,15,2,0,0,0,T20I # 1852
netherlands vs pakistan,Netherlands,Brandon Glover,2.5,0,22,2,7.76,9,3,0,0,0,T20I # 1852
netherlands vs pakistan,Netherlands,Tim Pringle,1,0,12,0,12.00,1,2,0,0,0,T20I # 1852
netherlands vs pakistan,Netherlands,Logan van Beek,2,0,9,0,4.50,5,0,0,0,0,T20I # 1852
netherlands vs pakistan,Netherlands,Roelof van der Merwe,1,0,7,0,7.00,1,0,0,0,0,T20I # 1852
india vs south africa,South Africa,Wayne Parnell,4,1,15,3,3.75,16,0,1,0,0,T20I # 1853
india vs south africa,South Africa,Kagiso Rabada,4,0,26,0,6.50,13,2,1,1,0,T20I # 1853
india vs south africa,South Africa,Lungi Ngidi,4,0,29,4,7.25,10,3,1,0,0,T20I # 1853
india vs south africa,South Africa,Anrich Nortje,4,0,23,1,5.75,12,1,1,0,0,T20I # 1853
india vs south africa,South Africa,Keshav Maharaj,3,0,28,0,9.33,5,3,1,0,0,T20I # 1853
india vs south africa,South Africa,Aiden Markram,1,0,5,0,5.00,1,0,0,0,0,T20I # 1853
india vs south africa,India,Bhuvneshwar Kumar,3.4,0,21,0,5.72,13,2,1,0,0,T20I # 1853
india vs south africa,India,Arshdeep Singh,4,0,25,2,6.25,13,4,0,1,0,T20I # 1853
india vs south africa,India,Mohammed Shami,4,0,13,1,3.25,15,1,0,0,0,T20I # 1853
india vs south africa,India,Hardik Pandya,4,0,29,1,7.25,8,3,0,0,0,T20I # 1853
india vs south africa,India,Ravichandran Ashwin,4,0,43,1,10.75,5,1,4,0,0,T20I # 1853
australia vs ireland,Ireland,Josh Little,4,0,21,2,5.25,13,2,0,2,0,T20I # 1855
australia vs ireland,Ireland,Mark Adair,4,0,59,0,14.75,6,7,2,6,0,T20I # 1855
australia vs ireland,Ireland,Barry McCarthy,4,0,29,3,7.25,7,2,0,1,0,T20I # 1855
australia vs ireland,Ireland,Gareth Delany,3,0,29,0,9.66,10,2,2,2,0,T20I # 1855
australia vs ireland,Ireland,Fionn Hand,1,0,15,0,15.00,2,0,2,1,0,T20I # 1855
australia vs ireland,Ireland,George Dockrell,4,0,24,0,6.00,8,0,1,0,0,T20I # 1855
australia vs ireland,Australia,Josh Hazlewood,3,0,24,0,8.00,8,1,2,1,0,T20I # 1855
australia vs ireland,Australia,Pat Cummins,4,0,28,2,7.00,14,3,1,1,0,T20I # 1855
australia vs ireland,Australia,Glenn Maxwell,2.1,0,14,2,6.46,6,2,0,0,0,T20I # 1855
australia vs ireland,Australia,Mitchell Starc,4,1,43,2,10.75,11,8,0,2,1,T20I # 1855
australia vs ireland,Australia,Adam Zampa,4,0,19,2,4.75,9,1,0,0,0,T20I # 1855
australia vs ireland,Australia,Marcus Stoinis,1,0,6,1,6.00,2,0,0,0,0,T20I # 1855
afghanistan vs sri lanka,Sri Lanka,Kasun Rajitha,4,0,31,1,7.75,11,2,1,1,1,T20I # 1856
afghanistan vs sri lanka,Sri Lanka,Pramod Madushan,3,0,24,0,8.00,7,2,1,0,0,T20I # 1856
afghanistan vs sri lanka,Sri Lanka,Lahiru Kumara,4,0,30,2,7.50,12,2,1,4,0,T20I # 1856
afghanistan vs sri lanka,Sri Lanka,Maheesh Theekshana,4,0,33,0,8.25,5,1,1,1,0,T20I # 1856
afghanistan vs sri lanka,Sri Lanka,Wanindu Hasaranga de Silva,4,0,13,3,3.25,12,0,0,0,0,T20I # 1856
afghanistan vs sri lanka,Sri Lanka,Dhananjaya de Silva,1,0,9,1,9.00,1,1,0,0,0,T20I # 1856
afghanistan vs sri lanka,Afghanistan,Fazalhaq Farooqi,3.3,1,22,0,6.28,11,3,0,1,0,T20I # 1856
afghanistan vs sri lanka,Afghanistan,Mujeeb Ur Rahman,4,0,24,2,6.00,12,3,0,0,0,T20I # 1856
afghanistan vs sri lanka,Afghanistan,Fareed Ahmad,2,0,25,0,12.50,3,3,1,1,0,T20I # 1856
afghanistan vs sri lanka,Afghanistan,Rashid Khan,4,0,31,2,7.75,10,2,1,1,0,T20I # 1856
afghanistan vs sri lanka,Afghanistan,Azmatullah Omarzai,2,0,17,0,8.50,2,1,0,1,0,T20I # 1856
afghanistan vs sri lanka,Afghanistan,Mohammad Nabi,2,0,16,0,8.00,2,0,1,0,0,T20I # 1856
afghanistan vs sri lanka,Afghanistan,Gulbadin Naib,1,0,12,0,12.00,1,2,0,0,0,T20I # 1856
england vs new zealand,New Zealand,Trent Boult,4,0,40,0,10.00,8,4,1,1,0,T20I # 1858
england vs new zealand,New Zealand,Tim Southee,4,0,43,1,10.75,9,3,3,0,0,T20I # 1858
england vs new zealand,New Zealand,Mitchell Santner,4,0,25,1,6.25,8,2,0,0,0,T20I # 1858
england vs new zealand,New Zealand,Lockie Ferguson,4,0,45,2,11.25,6,4,2,0,1,T20I # 1858
england vs new zealand,New Zealand,Ish Sodhi,4,0,23,1,5.75,10,2,0,0,0,T20I # 1858
england vs new zealand,England,Moeen Ali,1,0,4,0,4.00,3,0,0,0,0,T20I # 1858
england vs new zealand,England,Chris Woakes,4,0,33,2,8.25,9,1,2,1,0,T20I # 1858
england vs new zealand,England,Adil Rashid,4,0,33,0,8.25,6,0,2,0,0,T20I # 1858
england vs new zealand,England,Sam Curran,4,0,26,2,6.50,9,0,0,2,0,T20I # 1858
england vs new zealand,England,Mark Wood,3,0,25,1,8.33,8,2,1,1,0,T20I # 1858
england vs new zealand,England,Liam Livingstone,3,0,26,0,8.66,4,3,0,0,0,T20I # 1858
england vs new zealand,England,Ben Stokes,1,0,10,1,10.00,2,2,0,0,0,T20I # 1858
zimbabwe vs netherlands,Netherlands,Fred Klaassen,4,0,17,1,4.25,17,0,1,2,0,T20I # 1859
zimbabwe vs netherlands,Netherlands,Paul van Meekeren,4,0,29,3,7.25,13,3,0,2,0,T20I # 1859
zimbabwe vs netherlands,Netherlands,Brandon Glover,4,1,29,2,7.25,15,2,2,2,0,T20I # 1859
zimbabwe vs netherlands,Netherlands,Logan van Beek,2.2,0,17,2,7.28,8,1,1,1,0,T20I # 1859
zimbabwe vs netherlands,Netherlands,Bas de Leede,4,0,14,2,3.50,11,0,0,0,0,T20I # 1859
zimbabwe vs netherlands,Netherlands,Roelof van der Merwe,1,0,8,0,8.00,2,1,0,0,0,T20I # 1859
zimbabwe vs netherlands,Zimbabwe,Tendai Chatara,4,0,22,0,5.50,14,4,0,0,0,T20I # 1859
zimbabwe vs netherlands,Zimbabwe,Richard Ngarava,4,0,18,2,4.50,15,1,1,0,0,T20I # 1859
zimbabwe vs netherlands,Zimbabwe,Blessing Muzarabani,4,0,23,2,5.75,14,2,1,1,0,T20I # 1859
zimbabwe vs netherlands,Zimbabwe,Sean Williams,3,0,21,0,7.00,8,2,1,0,0,T20I # 1859
zimbabwe vs netherlands,Zimbabwe,Sikandar Raza,1,0,6,0,6.00,0,0,0,0,0,T20I # 1859
zimbabwe vs netherlands,Zimbabwe,Luke Jongwe,2,0,25,1,12.50,3,4,0,3,1,T20I # 1859
india vs bangladesh,Bangladesh,Taskin Ahmed,4,0,15,0,3.75,16,2,0,0,0,T20I # 1860
india vs bangladesh,Bangladesh,Shoriful Islam,4,0,57,0,14.25,7,4,4,2,2,T20I # 1860
india vs bangladesh,Bangladesh,Hasan Mahmud,4,0,47,3,11.75,7,6,2,0,1,T20I # 1860
india vs bangladesh,Bangladesh,Mustafizur Rahman,4,0,31,0,7.75,9,4,0,0,0,T20I # 1860
india vs bangladesh,Bangladesh,Shakib Al Hasan,4,0,33,2,8.25,3,2,0,0,0,T20I # 1860
india vs bangladesh,India,Bhuvneshwar Kumar,3,0,27,0,9.00,7,2,2,0,0,T20I # 1860
india vs bangladesh,India,Arshdeep Singh,4,0,38,2,9.50,10,5,1,0,0,T20I # 1860
india vs bangladesh,India,Mohammed Shami,3,0,25,1,8.33,7,2,1,0,0,T20I # 1860
india vs bangladesh,India,Axar Patel,1,0,6,0,6.00,2,0,0,0,0,T20I # 1860
india vs bangladesh,India,Ravichandran Ashwin,2,0,19,0,9.50,4,3,0,1,0,T20I # 1860
india vs bangladesh,India,Hardik Pandya,3,0,28,2,9.33,8,1,3,0,0,T20I # 1860
pakistan vs south africa,South Africa,Wayne Parnell,4,0,31,1,7.75,10,3,1,0,0,T20I # 1861
pakistan vs south africa,South Africa,Kagiso Rabada,4,0,44,1,11.00,7,4,2,0,0,T20I # 1861
pakistan vs south africa,South Africa,Lungi Ngidi,4,0,32,1,8.00,11,3,1,2,0,T20I # 1861
pakistan vs south africa,South Africa,Anrich Nortje,4,0,41,4,10.25,11,1,4,0,1,T20I # 1861
pakistan vs south africa,South Africa,Tabraiz Shamsi,4,0,36,1,9.00,8,2,2,2,0,T20I # 1861
pakistan vs south africa,Pakistan,Shaheen Shah Afridi,3,0,14,3,4.66,11,2,0,0,0,T20I # 1861
pakistan vs south africa,Pakistan,Naseem Shah,3,0,19,1,6.33,10,1,1,1,0,T20I # 1861
pakistan vs south africa,Pakistan,Haris Rauf,3,0,44,1,14.66,2,7,1,1,0,T20I # 1861
pakistan vs south africa,Pakistan,Mohammad Wasim,2,0,13,1,6.50,3,1,0,0,0,T20I # 1861
pakistan vs south africa,Pakistan,Shadab Khan,2,0,16,2,8.00,5,1,1,0,0,T20I # 1861
pakistan vs south africa,Pakistan,Mohammad Nawaz,1,0,2,0,2.00,4,0,0,0,0,T20I # 1861
new zealand vs ireland,Ireland,Josh Little,4,0,22,3,5.50,10,2,0,1,0,T20I # 1862
new zealand vs ireland,Ireland,Mark Adair,4,0,39,1,9.75,9,3,1,3,0,T20I # 1862
new zealand vs ireland,Ireland,Barry McCarthy,4,0,46,0,11.50,4,4,2,0,0,T20I # 1862
new zealand vs ireland,Ireland,Gareth Delany,4,0,30,2,7.50,11,3,1,1,0,T20I # 1862
new zealand vs ireland,Ireland,Fionn Hand,2,0,22,0,11.00,2,2,1,0,0,T20I # 1862
new zealand vs ireland,Ireland,George Dockrell,2,0,18,0,9.00,4,2,0,2,0,T20I # 1862
new zealand vs ireland,New Zealand,Trent Boult,4,0,38,0,9.50,8,4,1,0,0,T20I # 1862
new zealand vs ireland,New Zealand,Tim Southee,4,0,29,2,7.25,8,2,1,0,0,T20I # 1862
new zealand vs ireland,New Zealand,Lockie Ferguson,4,0,22,3,5.50,10,1,0,0,0,T20I # 1862
new zealand vs ireland,New Zealand,Mitchell Santner,4,0,26,2,6.50,12,3,1,0,0,T20I # 1862
new zealand vs ireland,New Zealand,Ish Sodhi,4,0,31,2,7.75,10,0,2,1,0,T20I # 1862
australia vs afghanistan,Afghanistan,Fazalhaq Farooqi,4,0,29,2,7.25,13,4,1,0,0,T20I # 1864
australia vs afghanistan,Afghanistan,Mujeeb Ur Rahman,4,0,42,1,10.50,5,4,1,1,0,T20I # 1864
australia vs afghanistan,Afghanistan,Naveen-ul-Haq,4,0,21,3,5.25,11,2,0,0,0,T20I # 1864
australia vs afghanistan,Afghanistan,Gulbadin Naib,3,0,31,0,10.33,6,3,2,0,0,T20I # 1864
australia vs afghanistan,Afghanistan,Rashid Khan,4,0,29,1,7.25,9,2,1,1,0,T20I # 1864
australia vs afghanistan,Afghanistan,Mohammad Nabi,1,0,14,0,14.00,1,1,1,0,0,T20I # 1864
australia vs afghanistan,Australia,Josh Hazlewood,4,0,33,2,8.25,13,2,3,0,0,T20I # 1864
australia vs afghanistan,Australia,Pat Cummins,4,0,22,0,5.50,12,2,0,0,0,T20I # 1864
australia vs afghanistan,Australia,Marcus Stoinis,2,0,26,0,13.00,2,2,1,2,0,T20I # 1864
australia vs afghanistan,Australia,Kane Richardson,4,0,48,1,12.00,4,3,3,1,0,T20I # 1864
australia vs afghanistan,Australia,Adam Zampa,4,0,22,2,5.50,11,1,0,0,0,T20I # 1864
australia vs afghanistan,Australia,Cameron Green,2,0,13,0,6.50,7,1,1,0,0,T20I # 1864
sri lanka vs england,England,Ben Stokes,3,0,24,1,8.00,8,1,2,0,0,T20I # 1867
sri lanka vs england,England,Chris Woakes,3,0,24,1,8.00,5,3,0,1,0,T20I # 1867
sri lanka vs england,England,Mark Wood,3,0,26,3,8.66,8,1,2,1,0,T20I # 1867
sri lanka vs england,England,Sam Curran,4,0,27,1,6.75,10,2,1,0,0,T20I # 1867
sri lanka vs england,England,Adil Rashid,4,0,16,1,4.00,11,0,0,0,0,T20I # 1867
sri lanka vs england,England,Liam Livingstone,2,0,16,0,8.00,2,0,1,0,0,T20I # 1867
sri lanka vs england,England,Moeen Ali,1,0,5,0,5.00,1,0,0,0,0,T20I # 1867
sri lanka vs england,Sri Lanka,Maheesh Theekshana,4,0,22,0,5.50,11,1,0,1,0,T20I # 1867
sri lanka vs england,Sri Lanka,Kasun Rajitha,3,0,40,0,13.33,4,5,1,2,0,T20I # 1867
sri lanka vs england,Sri Lanka,Lahiru Kumara,3.4,0,24,2,6.54,11,3,0,0,1,T20I # 1867
sri lanka vs england,Sri Lanka,Wanindu Hasaranga de Silva,4,0,23,2,5.75,11,1,1,0,0,T20I # 1867
sri lanka vs england,Sri Lanka,Dhananjaya de Silva,4,0,24,2,6.00,7,1,0,0,0,T20I # 1867
sri lanka vs england,Sri Lanka,Charith Asalanka,1,0,8,0,8.00,1,1,0,0,0,T20I # 1867
netherlands vs south africa,South Africa,Wayne Parnell,4,0,32,0,8.00,10,2,2,1,0,T20I # 1871
netherlands vs south africa,South Africa,Kagiso Rabada,3,0,37,0,12.33,6,7,0,0,0,T20I # 1871
netherlands vs south africa,South Africa,Lungi Ngidi,3,0,35,0,11.66,3,5,0,0,0,T20I # 1871
netherlands vs south africa,South Africa,Anrich Nortje,4,0,10,1,2.50,14,0,0,0,0,T20I # 1871
netherlands vs south africa,South Africa,Keshav Maharaj,4,0,27,2,6.75,12,1,2,0,0,T20I # 1871
netherlands vs south africa,South Africa,Aiden Markram,2,0,16,1,8.00,3,0,1,1,0,T20I # 1871
netherlands vs south africa,Netherlands,Fred Klaassen,4,0,20,2,5.00,15,3,0,0,0,T20I # 1871
netherlands vs south africa,Netherlands,Paul van Meekeren,3,0,33,1,11.00,5,1,2,1,1,T20I # 1871
netherlands vs south africa,Netherlands,Colin Ackermann,3,0,16,0,5.33,6,1,0,0,0,T20I # 1871
netherlands vs south africa,Netherlands,Roelof van der Merwe,2,0,19,0,9.50,2,2,0,0,0,T20I # 1871
netherlands vs south africa,Netherlands,Brandon Glover,2,0,9,3,4.50,5,0,0,1,0,T20I # 1871
netherlands vs south africa,Netherlands,Logan van Beek,3,0,23,0,7.66,4,1,1,0,0,T20I # 1871
netherlands vs south africa,Netherlands,Bas de Leede,3,0,25,2,8.33,4,1,0,1,2,T20I # 1871
bangladesh vs pakistan,Pakistan,Shaheen Shah Afridi,4,0,22,4,5.50,13,2,1,0,0,T20I # 1872
bangladesh vs pakistan,Pakistan,Naseem Shah,3,0,15,0,5.00,9,2,0,0,0,T20I # 1872
bangladesh vs pakistan,Pakistan,Mohammad Wasim,2,0,19,0,9.50,5,1,1,1,0,T20I # 1872
bangladesh vs pakistan,Pakistan,Haris Rauf,4,0,21,1,5.25,11,2,0,0,0,T20I # 1872
bangladesh vs pakistan,Pakistan,Shadab Khan,4,0,30,2,7.50,8,3,0,0,0,T20I # 1872
bangladesh vs pakistan,Pakistan,Iftikhar Ahmed,3,0,15,1,5.00,9,2,0,0,0,T20I # 1872
bangladesh vs pakistan,Bangladesh,Taskin Ahmed,3,0,26,0,8.66,10,1,2,0,1,T20I # 1872
bangladesh vs pakistan,Bangladesh,Nasum Ahmed,4,0,14,1,3.50,13,0,0,2,0,T20I # 1872
bangladesh vs pakistan,Bangladesh,Shakib Al Hasan,4,0,35,1,8.75,6,5,0,0,0,T20I # 1872
bangladesh vs pakistan,Bangladesh,Mustafizur Rahman,4,0,21,1,5.25,8,0,0,0,0,T20I # 1872
bangladesh vs pakistan,Bangladesh,Ebadot Hossain,3.1,0,25,1,7.89,7,1,1,0,1,T20I # 1872
india vs zimbabwe,Zimbabwe,Richard Ngarava,4,1,44,1,11.00,12,2,4,1,1,T20I # 1873
india vs zimbabwe,Zimbabwe,Tendai Chatara,4,0,34,0,8.50,5,3,1,0,0,T20I # 1873
india vs zimbabwe,Zimbabwe,Blessing Muzarabani,4,0,50,1,12.50,5,8,0,1,0,T20I # 1873
india vs zimbabwe,Zimbabwe,Wellington Masakadza,2,0,12,0,6.00,5,1,0,1,0,T20I # 1873
india vs zimbabwe,Zimbabwe,Ryan Burl,1,0,14,0,14.00,1,1,1,0,0,T20I # 1873
india vs zimbabwe,Zimbabwe,Sikandar Raza,3,0,18,1,6.00,5,0,1,0,0,T20I # 1873
india vs zimbabwe,Zimbabwe,Sean Williams,2,0,9,2,4.50,6,0,0,2,0,T20I # 1873
india vs zimbabwe,India,Bhuvneshwar Kumar,3,1,11,1,3.66,14,1,0,1,0,T20I # 1873
india vs zimbabwe,India,Arshdeep Singh,2,0,9,1,4.50,9,1,0,2,0,T20I # 1873
india vs zimbabwe,India,Mohammed Shami,2,0,14,2,7.00,7,1,1,0,0,T20I # 1873
india vs zimbabwe,India,Hardik Pandya,3,0,16,2,5.33,10,1,0,2,1,T20I # 1873
india vs zimbabwe,India,Ravichandran Ashwin,4,0,22,3,5.50,13,3,0,1,0,T20I # 1873
india vs zimbabwe,India,Axar Patel,3.2,0,40,1,12.00,4,5,1,0,0,T20I # 1873
new zealand vs pakistan,Pakistan,Shaheen Shah Afridi,4,0,24,2,6.00,11,2,0,0,0,T20I # 1877
new zealand vs pakistan,Pakistan,Naseem Shah,4,0,30,0,7.50,8,3,0,0,0,T20I # 1877
new zealand vs pakistan,Pakistan,Haris Rauf,4,0,32,0,8.00,6,2,0,0,0,T20I # 1877
new zealand vs pakistan,Pakistan,Mohammad Wasim,2,0,15,0,7.50,3,0,1,0,0,T20I # 1877
new zealand vs pakistan,Pakistan,Shadab Khan,4,0,33,0,8.25,7,3,1,0,0,T20I # 1877
new zealand vs pakistan,Pakistan,Mohammad Nawaz,2,0,12,1,6.00,2,0,0,0,0,T20I # 1877
new zealand vs pakistan,New Zealand,Trent Boult,4,0,33,2,8.25,9,5,0,0,0,T20I # 1877
new zealand vs pakistan,New Zealand,Tim Southee,3.1,0,24,0,7.57,7,3,0,2,0,T20I # 1877
new zealand vs pakistan,New Zealand,Lockie Ferguson,4,0,37,0,9.25,7,4,1,1,0,T20I # 1877
new zealand vs pakistan,New Zealand,Mitchell Santner,4,0,26,1,6.50,6,1,0,0,0,T20I # 1877
new zealand vs pakistan,New Zealand,Ish Sodhi,4,0,26,0,6.50,4,1,0,0,0,T20I # 1877
india vs england,England,Ben Stokes,2,0,18,0,9.00,5,2,1,0,0,T20I # 1878
india vs england,England,Chris Woakes,3,0,24,1,8.00,5,1,1,2,0,T20I # 1878
india vs england,England,Sam Curran,4,0,42,0,10.50,9,5,2,0,0,T20I # 1878
india vs england,England,Adil Rashid,4,0,20,1,5.00,8,1,0,0,0,T20I # 1878
india vs england,England,Liam Livingstone,3,0,21,0,7.00,7,3,0,0,0,T20I # 1878
india vs england,England,Chris Jordan,4,0,43,3,10.75,8,3,3,1,0,T20I # 1878
india vs england,India,Bhuvneshwar Kumar,2,0,25,0,12.50,4,3,1,1,0,T20I # 1878
india vs england,India,Arshdeep Singh,2,0,15,0,7.50,4,2,0,1,0,T20I # 1878
india vs england,India,Axar Patel,4,0,30,0,7.50,10,2,2,0,0,T20I # 1878
india vs england,India,Mohammed Shami,3,0,39,0,13.00,7,4,3,0,0,T20I # 1878
india vs england,India,Ravichandran Ashwin,2,0,27,0,13.50,1,1,2,1,0,T20I # 1878
india vs england,India,Hardik Pandya,3,0,34,0,11.33,5,1,2,0,0,T20I # 1878
pakistan vs england,England,Ben Stokes,4,0,32,1,8.00,6,1,0,2,1,T20I # 1879
pakistan vs england,England,Chris Woakes,3,0,26,0,8.66,7,2,1,2,0,T20I # 1879
pakistan vs england,England,Sam Curran,4,0,12,3,3.00,15,0,0,0,0,T20I # 1879
pakistan vs england,England,Adil Rashid,4,1,22,2,5.50,10,1,0,1,0,T20I # 1879
pakistan vs england,England,Chris Jordan,4,0,27,2,6.75,9,3,0,0,0,T20I # 1879
pakistan vs england,England,Liam Livingstone,1,0,16,0,16.00,1,1,1,1,0,T20I # 1879
pakistan vs england,Pakistan,Shaheen Shah Afridi,2.1,0,13,1,6.00,6,1,0,0,0,T20I # 1879
pakistan vs england,Pakistan,Naseem Shah,4,0,30,0,7.50,15,3,1,1,0,T20I # 1879
pakistan vs england,Pakistan,Haris Rauf,4,0,23,2,5.75,13,3,0,1,0,T20I # 1879
pakistan vs england,Pakistan,Shadab Khan,4,0,20,1,5.00,10,1,0,0,0,T20I # 1879
pakistan vs england,Pakistan,Mohammad Wasim,4,0,38,1,9.50,5,5,0,2,0,T20I # 1879
pakistan vs england,Pakistan,Iftikhar Ahmed,0.5,0,13,0,15.60,0,1,1,0,0,T20I # 1879
